Items,nodes:100&links:2000,nodes:500&links:10000,nodes:1000&links:20000,nodes:2000&links:40000,nodes:4000&links:80000,nodes:8000&links:160000
D3SVG,50.01160539176705,8.956434582151727,4.392795345131516,2.3118589892901187,1.09778831312425,0.5249862098063497
D3Canvas,103.83281292990134,112.76323418912861,107.90972315692815,54.79471224702401,25.580973663296405,12.403909475344989
Cytoscape,25.90748015320633,4.830073513465658,2.2196780178383686,1.100629175571828,0.5038283520401461
Sigma.js (webgl),81.74488620991383,23.046735326960604,14.903114518569637,8.654921962106688,3.6931724012711546,1.8293419426381607
NetV,114.52126460044016,113.84545497699885,112.7420283223405,108.86032773534319,58.87282997231792,28.995801382407393
Stardust,114.51960029050085,113.62743567238522,90.82279618849402,68.39648603889891,42.679552318769026,20.261512713382444