{"D3SVG":{"nodes:100&links:2000":50.01160539176705,"nodes:500&links:10000":8.956434582151727,"nodes:1000&links:20000":4.392795345131516,"nodes:2000&links:40000":2.3118589892901187,"nodes:4000&links:80000":1.09778831312425,"nodes:8000&links:160000":0.5249862098063497},"D3Canvas":{"nodes:100&links:2000":103.83281292990134,"nodes:500&links:10000":112.76323418912861,"nodes:1000&links:20000":107.90972315692815,"nodes:2000&links:40000":54.79471224702401,"nodes:4000&links:80000":25.580973663296405,"nodes:8000&links:160000":12.403909475344989},"Cytoscape":{"nodes:100&links:2000":25.90748015320633,"nodes:500&links:10000":4.830073513465658,"nodes:1000&links:20000":2.2196780178383686,"nodes:2000&links:40000":1.100629175571828,"nodes:4000&links:80000":0.5038283520401461},"Sigma.js (webgl)":{"nodes:100&links:2000":81.74488620991383,"nodes:500&links:10000":23.046735326960604,"nodes:1000&links:20000":14.903114518569637,"nodes:2000&links:40000":8.654921962106688,"nodes:4000&links:80000":3.6931724012711546,"nodes:8000&links:160000":1.8293419426381607},"NetV":{"nodes:100&links:2000":114.52126460044016,"nodes:500&links:10000":113.84545497699885,"nodes:1000&links:20000":112.7420283223405,"nodes:2000&links:40000":108.86032773534319,"nodes:4000&links:80000":58.87282997231792,"nodes:8000&links:160000":28.995801382407393},"Stardust":{"nodes:100&links:2000":114.51960029050085,"nodes:500&links:10000":113.62743567238522,"nodes:1000&links:20000":90.82279618849402,"nodes:2000&links:40000":68.39648603889891,"nodes:4000&links:80000":42.679552318769026,"nodes:8000&links:160000":20.261512713382444}}