{"D3SVG":{"nodes:100&links:2000":64.11594199955964,"nodes:500&links:10000":12.452088001976998,"nodes:1000&links:20000":5.948757225109113,"nodes:2000&links:40000":2.8033415230017997,"nodes:4000&links:80000":1.3568017067534406,"nodes:8000&links:160000":0.5960805796735041},"D3Canvas":{"nodes:100&links:2000":110.36959083853523,"nodes:500&links:10000":118.86550625521694,"nodes:1000&links:20000":119.29701396577684,"nodes:2000&links:40000":61.381200476594685,"nodes:4000&links:80000":30.270490373703048,"nodes:8000&links:160000":14.692931287983711},"Cytoscape":{"nodes:100&links:2000":29.65796162291943,"nodes:500&links:10000":5.292406540603595,"nodes:1000&links:20000":2.4858673059714476,"nodes:2000&links:40000":1.050843502263336,"nodes:4000&links:80000":0.5573911629727505},"Sigma.js (webgl)":{"nodes:100&links:2000":115.23102017646163,"nodes:500&links:10000":58.990477491499504,"nodes:1000&links:20000":27.401769941542142,"nodes:2000&links:40000":14.005564423972839,"nodes:4000&links:80000":6.528643413168659,"nodes:8000&links:160000":2.9592455422359607},"NetV":{"nodes:100&links:2000":119.35861352633307,"nodes:500&links:10000":118.58538411221264,"nodes:1000&links:20000":117.99644452044906,"nodes:2000&links:40000":115.28322078184958,"nodes:4000&links:80000":61.38385015639185,"nodes:8000&links:160000":30.342380312637534},"Stardust":{"nodes:100&links:2000":119.25472445918096,"nodes:500&links:10000":118.64496632121784,"nodes:1000&links:20000":118.06025274032763,"nodes:2000&links:40000":116.64022811607074,"nodes:4000&links:80000":83.88807137553147,"nodes:8000&links:160000":43.27329655338376}}