Items,nodes:100&links:2000,nodes:500&links:10000,nodes:1000&links:20000,nodes:2000&links:40000,nodes:4000&links:80000,nodes:8000&links:160000
D3SVG,69.30063357778197,12.308569241407765,5.921382611118471,2.8498309053207245,1.3933153533201246,0.6307025254094673
D3Canvas,108.93834919650561,118.21444181120185,118.01250270525725,62.64291403791842,28.379482139783203,14.954425927652313
Cytoscape,30.33553590843502,5.28770696105845,2.519400171359764,1.0942115554671292,0.5315640400904004
Sigma.js (webgl),115.78835018951993,58.78725814964268,29.14212434863823,13.816667473321527,6.798393505710784,3.0217735899593863
NetV,119.25737577744435,118.64432737857139,118.04664243623287,115.32426733612927,62.115798528983774,30.58575227166757
Stardust,119.16965793928148,118.75683035202152,118.03859728741739,116.6877620460615,84.1388255680456,43.32666583204488