{"D3SVG":{"nodes:100&links:2000":69.30063357778197,"nodes:500&links:10000":12.308569241407765,"nodes:1000&links:20000":5.921382611118471,"nodes:2000&links:40000":2.8498309053207245,"nodes:4000&links:80000":1.3933153533201246,"nodes:8000&links:160000":0.6307025254094673},"D3Canvas":{"nodes:100&links:2000":108.93834919650561,"nodes:500&links:10000":118.21444181120185,"nodes:1000&links:20000":118.01250270525725,"nodes:2000&links:40000":62.64291403791842,"nodes:4000&links:80000":28.379482139783203,"nodes:8000&links:160000":14.954425927652313},"Cytoscape":{"nodes:100&links:2000":30.33553590843502,"nodes:500&links:10000":5.28770696105845,"nodes:1000&links:20000":2.519400171359764,"nodes:2000&links:40000":1.0942115554671292,"nodes:4000&links:80000":0.5315640400904004},"Sigma.js (webgl)":{"nodes:100&links:2000":115.78835018951993,"nodes:500&links:10000":58.78725814964268,"nodes:1000&links:20000":29.14212434863823,"nodes:2000&links:40000":13.816667473321527,"nodes:4000&links:80000":6.798393505710784,"nodes:8000&links:160000":3.0217735899593863},"NetV":{"nodes:100&links:2000":119.25737577744435,"nodes:500&links:10000":118.64432737857139,"nodes:1000&links:20000":118.04664243623287,"nodes:2000&links:40000":115.32426733612927,"nodes:4000&links:80000":62.115798528983774,"nodes:8000&links:160000":30.58575227166757},"Stardust":{"nodes:100&links:2000":119.16965793928148,"nodes:500&links:10000":118.75683035202152,"nodes:1000&links:20000":118.03859728741739,"nodes:2000&links:40000":116.6877620460615,"nodes:4000&links:80000":84.1388255680456,"nodes:8000&links:160000":43.32666583204488}}