Items,nodes:100&links:2000,nodes:500&links:10000,nodes:1000&links:20000,nodes:2000&links:40000,nodes:4000&links:80000,nodes:8000&links:160000
D3SVG,48.72352817160667,9.086328317385302,4.399171755628281,2.1683721941802854,1.113236740832428,0.502868169733128
D3Canvas,95.78262374555459,83.14324902769502,108.20262509930235,52.570291635547406,25.572900401713195,11.496578020557743
Cytoscape,22.61950109638912,3.9257932195213576,1.8789266977706118,0.885113470246995
Sigma.js,48.71880447651864,14.446856349506007,7.488009063581411,6.9240591350524925,3.8089253240561307,1.624066907264424
NetV,111.17092885191171,109.42441341501535,105.8146342724305,101.73341513631216,55.12792914868504,26.47323869874351
Stardust,109.86052611763115,109.08848597172226,108.1632094710825,69.46389675868186,69.92291365052161,25.58500478799907