Items,nodes:100&links:2000,nodes:500&links:10000,nodes:1000&links:20000,nodes:2000&links:40000,nodes:4000&links:80000,nodes:8000&links:160000
D3SVG,64.11594199955964,12.452088001976998,5.948757225109113,2.8033415230017997,1.3568017067534406,0.5960805796735041
D3Canvas,110.36959083853523,118.86550625521694,119.29701396577684,61.381200476594685,30.270490373703048,14.692931287983711
Cytoscape,29.65796162291943,5.292406540603595,2.4858673059714476,1.050843502263336,0.5573911629727505
Sigma.js (webgl),115.23102017646163,58.990477491499504,27.401769941542142,14.005564423972839,6.528643413168659,2.9592455422359607
NetV,119.35861352633307,118.58538411221264,117.99644452044906,115.28322078184958,61.38385015639185,30.342380312637534
Stardust,119.25472445918096,118.64496632121784,118.06025274032763,116.64022811607074,83.88807137553147,43.27329655338376