{"D3SVG":{"nodes:100&links:2000":48.72352817160667,"nodes:500&links:10000":9.086328317385302,"nodes:1000&links:20000":4.399171755628281,"nodes:2000&links:40000":2.1683721941802854,"nodes:4000&links:80000":1.113236740832428,"nodes:8000&links:160000":0.502868169733128},"D3Canvas":{"nodes:100&links:2000":95.78262374555459,"nodes:500&links:10000":83.14324902769502,"nodes:1000&links:20000":108.20262509930235,"nodes:2000&links:40000":52.570291635547406,"nodes:4000&links:80000":25.572900401713195,"nodes:8000&links:160000":11.496578020557743},"Cytoscape":{"nodes:100&links:2000":22.61950109638912,"nodes:500&links:10000":3.9257932195213576,"nodes:1000&links:20000":1.8789266977706118,"nodes:2000&links:40000":0.885113470246995},"Sigma.js":{"nodes:100&links:2000":48.71880447651864,"nodes:500&links:10000":14.446856349506007,"nodes:1000&links:20000":7.488009063581411,"nodes:2000&links:40000":6.9240591350524925,"nodes:4000&links:80000":3.8089253240561307,"nodes:8000&links:160000":1.624066907264424},"NetV":{"nodes:100&links:2000":111.17092885191171,"nodes:500&links:10000":109.42441341501535,"nodes:1000&links:20000":105.8146342724305,"nodes:2000&links:40000":101.73341513631216,"nodes:4000&links:80000":55.12792914868504,"nodes:8000&links:160000":26.47323869874351},"Stardust":{"nodes:100&links:2000":109.86052611763115,"nodes:500&links:10000":109.08848597172226,"nodes:1000&links:20000":108.1632094710825,"nodes:2000&links:40000":69.46389675868186,"nodes:4000&links:80000":69.92291365052161,"nodes:8000&links:160000":25.58500478799907}}